hotel_name,district,address,city,zone_type,verification_status,source_authority,source_url
أبراج طابة,المنطقة المركزية,المدينة المنورة,المدينة المنورة,المنطقة المركزية / Central Zone,رسمي موثق / Official Verified,المخطط الإرشادي للمسجد النبوي ومرافقه وفنادق المنطقة المركزية,
أبراج طابة الفضي,المنطقة المركزية,المدينة المنورة,المدينة المنورة,المنطقة المركزية / Central Zone,رسمي موثق / Official Verified,المخطط الإرشادي للمسجد النبوي ومرافقه وفنادق المنطقة المركزية,
أجنحة الروضة الفاخرة,المنطقة المركزية,المدينة المنورة,المدينة المنورة,المنطقة المركزية / Central Zone,رسمي موثق / Official Verified,المخطط الإرشادي للمسجد النبوي ومرافقه وفنادق المنطقة المركزية,
أرجوان الذهبي,المنطقة المركزية,المدينة المنورة,المدينة المنورة,المنطقة المركزية / Central Zone,رسمي موثق / Official Verified,المخطط الإرشادي للمسجد النبوي ومرافقه وفنادق المنطقة المركزية,
أرجوان السعادة,المنطقة المركزية,المدينة المنورة,المدينة المنورة,المنطقة المركزية / Central Zone,رسمي موثق / Official Verified,المخطط الإرشادي للمسجد النبوي ومرافقه وفنادق المنطقة المركزية,
أرجوان السلام,المنطقة المركزية,المدينة المنورة,المدينة المنورة,المنطقة المركزية / Central Zone,رسمي موثق / Official Verified,المخطط الإرشادي للمسجد النبوي ومرافقه وفنادق المنطقة المركزية,
أرجوان المدينة,المنطقة المركزية,المدينة المنورة,المدينة المنورة,المنطقة المركزية / Central Zone,رسمي موثق / Official Verified,المخطط الإرشادي للمسجد النبوي ومرافقه وفنادق المنطقة المركزية,
أرجوان روز,المنطقة المركزية,المدينة المنورة,المدينة المنورة,المنطقة المركزية / Central Zone,رسمي موثق / Official Verified,المخطط الإرشادي للمسجد النبوي ومرافقه وفنادق المنطقة المركزية,
أركان الذهبي,المنطقة المركزية,المدينة المنورة,المدينة المنورة,المنطقة المركزية / Central Zone,رسمي موثق / Official Verified,المخطط الإرشادي للمسجد النبوي ومرافقه وفنادق المنطقة المركزية,
أركان المنار,المنطقة المركزية,المدينة المنورة,المدينة المنورة,المنطقة المركزية / Central Zone,رسمي موثق / Official Verified,المخطط الإرشادي للمسجد النبوي ومرافقه وفنادق المنطقة المركزية,
أروية الصفوة الذهبي,المنطقة المركزية,المدينة المنورة,المدينة المنورة,المنطقة المركزية / Central Zone,رسمي موثق / Official Verified,المخطط الإرشادي للمسجد النبوي ومرافقه وفنادق المنطقة المركزية,
أريك طيبة,المنطقة المركزية,المدينة المنورة,المدينة المنورة,المنطقة المركزية / Central Zone,رسمي موثق / Official Verified,المخطط الإرشادي للمسجد النبوي ومرافقه وفنادق المنطقة المركزية,
أزهار سلسبيل,المنطقة المركزية,المدينة المنورة,المدينة المنورة,المنطقة المركزية / Central Zone,رسمي موثق / Official Verified,المخطط الإرشادي للمسجد النبوي ومرافقه وفنادق المنطقة المركزية,
أستونيس طيبة,المنطقة المركزية,المدينة المنورة,المدينة المنورة,المنطقة المركزية / Central Zone,رسمي موثق / Official Verified,المخطط الإرشادي للمسجد النبوي ومرافقه وفنادق المنطقة المركزية,
أمجاد السلام,المنطقة المركزية,المدينة المنورة,المدينة المنورة,المنطقة المركزية / Central Zone,رسمي موثق / Official Verified,المخطط الإرشادي للمسجد النبوي ومرافقه وفنادق المنطقة المركزية,
أمجاد الغراء,المنطقة المركزية,المدينة المنورة,المدينة المنورة,المنطقة المركزية / Central Zone,رسمي موثق / Official Verified,المخطط الإرشادي للمسجد النبوي ومرافقه وفنادق المنطقة المركزية,
أنتيرا من كونتيننتال,المنطقة المركزية,المدينة المنورة,المدينة المنورة,المنطقة المركزية / Central Zone,رسمي موثق / Official Verified,المخطط الإرشادي للمسجد النبوي ومرافقه وفنادق المنطقة المركزية,
أنوار الزهراء,المنطقة المركزية,المدينة المنورة,المدينة المنورة,المنطقة المركزية / Central Zone,رسمي موثق / Official Verified,المخطط الإرشادي للمسجد النبوي ومرافقه وفنادق المنطقة المركزية,
أنوار المدينة موفنبيك,المنطقة المركزية,المدينة المنورة,المدينة المنورة,المنطقة المركزية / Central Zone,رسمي موثق / Official Verified,المخطط الإرشادي للمسجد النبوي ومرافقه وفنادق المنطقة المركزية,https://www.booking.com/city/sa/medina.html
أودست المدينة,المنطقة المركزية,المدينة المنورة,المدينة المنورة,المنطقة المركزية / Central Zone,رسمي موثق / Official Verified,المخطط الإرشادي للمسجد النبوي ومرافقه وفنادق المنطقة المركزية,https://www.booking.com/city/sa/medina.html
إعمار إيليت,المنطقة المركزية,المدينة المنورة,المدينة المنورة,المنطقة المركزية / Central Zone,رسمي موثق / Official Verified,المخطط الإرشادي للمسجد النبوي ومرافقه وفنادق المنطقة المركزية,
إعمار رويال,المنطقة المركزية,المدينة المنورة,المدينة المنورة,المنطقة المركزية / Central Zone,رسمي موثق / Official Verified,المخطط الإرشادي للمسجد النبوي ومرافقه وفنادق المنطقة المركزية,
إعمار طيبة,المنطقة المركزية,المدينة المنورة,المدينة المنورة,المنطقة المركزية / Central Zone,رسمي موثق / Official Verified,المخطط الإرشادي للمسجد النبوي ومرافقه وفنادق المنطقة المركزية,
إعمار مكان,المنطقة المركزية,المدينة المنورة,المدينة المنورة,المنطقة المركزية / Central Zone,رسمي موثق / Official Verified,المخطط الإرشادي للمسجد النبوي ومرافقه وفنادق المنطقة المركزية,
إيلاف التقوى,المنطقة المركزية,المدينة المنورة,المدينة المنورة,المنطقة المركزية / Central Zone,رسمي موثق / Official Verified,المخطط الإرشادي للمسجد النبوي ومرافقه وفنادق المنطقة المركزية,https://www.booking.com/city/sa/medina.html
إيلاف طيبة,المنطقة المركزية,المدينة المنورة,المدينة المنورة,المنطقة المركزية / Central Zone,رسمي موثق / Official Verified,المخطط الإرشادي للمسجد النبوي ومرافقه وفنادق المنطقة المركزية,https://www.booking.com/city/sa/medina.html
الأمان العربية,المنطقة المركزية,المدينة المنورة,المدينة المنورة,المنطقة المركزية / Central Zone,رسمي موثق / Official Verified,المخطط الإرشادي للمسجد النبوي ومرافقه وفنادق المنطقة المركزية,
الأندلس الفاخر,المنطقة المركزية,المدينة المنورة,المدينة المنورة,المنطقة المركزية / Central Zone,رسمي موثق / Official Verified,المخطط الإرشادي للمسجد النبوي ومرافقه وفنادق المنطقة المركزية,
الأندلس الماسي,المنطقة المركزية,المدينة المنورة,المدينة المنورة,المنطقة المركزية / Central Zone,رسمي موثق / Official Verified,المخطط الإرشادي للمسجد النبوي ومرافقه وفنادق المنطقة المركزية,
الأندلس المدينة,المنطقة المركزية,المدينة المنورة,المدينة المنورة,المنطقة المركزية / Central Zone,رسمي موثق / Official Verified,المخطط الإرشادي للمسجد النبوي ومرافقه وفنادق المنطقة المركزية,
الأندلس بلازا,المنطقة المركزية,المدينة المنورة,المدينة المنورة,المنطقة المركزية / Central Zone,رسمي موثق / Official Verified,المخطط الإرشادي للمسجد النبوي ومرافقه وفنادق المنطقة المركزية,
الأندلس دار السلام,المنطقة المركزية,المدينة المنورة,المدينة المنورة,المنطقة المركزية / Central Zone,رسمي موثق / Official Verified,المخطط الإرشادي للمسجد النبوي ومرافقه وفنادق المنطقة المركزية,
الأنصار بلاتينوم,المنطقة المركزية,المدينة المنورة,المدينة المنورة,المنطقة المركزية / Central Zone,رسمي موثق / Official Verified,المخطط الإرشادي للمسجد النبوي ومرافقه وفنادق المنطقة المركزية,
الأنصار جولدن توليب,المنطقة المركزية,المدينة المنورة,المدينة المنورة,المنطقة المركزية / Central Zone,رسمي موثق / Official Verified,المخطط الإرشادي للمسجد النبوي ومرافقه وفنادق المنطقة المركزية,
البسفور,المنطقة المركزية,المدينة المنورة,المدينة المنورة,المنطقة المركزية / Central Zone,رسمي موثق / Official Verified,المخطط الإرشادي للمسجد النبوي ومرافقه وفنادق المنطقة المركزية,
البسفور 2,المنطقة المركزية,المدينة المنورة,المدينة المنورة,المنطقة المركزية / Central Zone,رسمي موثق / Official Verified,المخطط الإرشادي للمسجد النبوي ومرافقه وفنادق المنطقة المركزية,
الحياة العالمي,المنطقة المركزية,المدينة المنورة,المدينة المنورة,المنطقة المركزية / Central Zone,رسمي موثق / Official Verified,المخطط الإرشادي للمسجد النبوي ومرافقه وفنادق المنطقة المركزية,
الدار روافد توليب إن,المنطقة المركزية,المدينة المنورة,المدينة المنورة,المنطقة المركزية / Central Zone,رسمي موثق / Official Verified,المخطط الإرشادي للمسجد النبوي ومرافقه وفنادق المنطقة المركزية,
الذهبي جولدن توليب,المنطقة المركزية,المدينة المنورة,المدينة المنورة,المنطقة المركزية / Central Zone,رسمي موثق / Official Verified,المخطط الإرشادي للمسجد النبوي ومرافقه وفنادق المنطقة المركزية,
الريتز المدينة,المنطقة المركزية,المدينة المنورة,المدينة المنورة,المنطقة المركزية / Central Zone,رسمي موثق / Official Verified,المخطط الإرشادي للمسجد النبوي ومرافقه وفنادق المنطقة المركزية,
الزهراء,المنطقة المركزية,المدينة المنورة,المدينة المنورة,المنطقة المركزية / Central Zone,رسمي موثق / Official Verified,المخطط الإرشادي للمسجد النبوي ومرافقه وفنادق المنطقة المركزية,
السعفة,المنطقة المركزية,المدينة المنورة,المدينة المنورة,المنطقة المركزية / Central Zone,رسمي موثق / Official Verified,المخطط الإرشادي للمسجد النبوي ومرافقه وفنادق المنطقة المركزية,
السعفة الذهبية,المنطقة المركزية,المدينة المنورة,المدينة المنورة,المنطقة المركزية / Central Zone,رسمي موثق / Official Verified,المخطط الإرشادي للمسجد النبوي ومرافقه وفنادق المنطقة المركزية,
الشاكرين جولدن توليب,المنطقة المركزية,المدينة المنورة,المدينة المنورة,المنطقة المركزية / Central Zone,رسمي موثق / Official Verified,المخطط الإرشادي للمسجد النبوي ومرافقه وفنادق المنطقة المركزية,
الشام الإقليمية - بروفنس,المنطقة المركزية,المدينة المنورة,المدينة المنورة,المنطقة المركزية / Central Zone,رسمي موثق / Official Verified,المخطط الإرشادي للمسجد النبوي ومرافقه وفنادق المنطقة المركزية,
الفيروز الذهبي,المنطقة المركزية,المدينة المنورة,المدينة المنورة,المنطقة المركزية / Central Zone,رسمي موثق / Official Verified,المخطط الإرشادي للمسجد النبوي ومرافقه وفنادق المنطقة المركزية,
الفيروز شذا,المنطقة المركزية,المدينة المنورة,المدينة المنورة,المنطقة المركزية / Central Zone,رسمي موثق / Official Verified,المخطط الإرشادي للمسجد النبوي ومرافقه وفنادق المنطقة المركزية,
المحراب طيبة,المنطقة المركزية,المدينة المنورة,المدينة المنورة,المنطقة المركزية / Central Zone,رسمي موثق / Official Verified,المخطط الإرشادي للمسجد النبوي ومرافقه وفنادق المنطقة المركزية,
المختارة الذهبي,المنطقة المركزية,المدينة المنورة,المدينة المنورة,المنطقة المركزية / Central Zone,رسمي موثق / Official Verified,المخطط الإرشادي للمسجد النبوي ومرافقه وفنادق المنطقة المركزية,
المختارة العالمي,المنطقة المركزية,المدينة المنورة,المدينة المنورة,المنطقة المركزية / Central Zone,رسمي موثق / Official Verified,المخطط الإرشادي للمسجد النبوي ومرافقه وفنادق المنطقة المركزية,
المختارة الغربي,المنطقة المركزية,المدينة المنورة,المدينة المنورة,المنطقة المركزية / Central Zone,رسمي موثق / Official Verified,المخطط الإرشادي للمسجد النبوي ومرافقه وفنادق المنطقة المركزية,
المختارة الماسي,المنطقة المركزية,المدينة المنورة,المدينة المنورة,المنطقة المركزية / Central Zone,رسمي موثق / Official Verified,المخطط الإرشادي للمسجد النبوي ومرافقه وفنادق المنطقة المركزية,
المختارة بلازا,المنطقة المركزية,المدينة المنورة,المدينة المنورة,المنطقة المركزية / Central Zone,رسمي موثق / Official Verified,المخطط الإرشادي للمسجد النبوي ومرافقه وفنادق المنطقة المركزية,
المدينة الذهبي,المنطقة المركزية,المدينة المنورة,المدينة المنورة,المنطقة المركزية / Central Zone,رسمي موثق / Official Verified,المخطط الإرشادي للمسجد النبوي ومرافقه وفنادق المنطقة المركزية,https://www.booking.com/city/sa/medina.html
المدينة هيلتون,المنطقة المركزية,المدينة المنورة,المدينة المنورة,المنطقة المركزية / Central Zone,رسمي موثق / Official Verified,المخطط الإرشادي للمسجد النبوي ومرافقه وفنادق المنطقة المركزية,https://www.booking.com/city/sa/medina.html
المرسى,المنطقة المركزية,المدينة المنورة,المدينة المنورة,المنطقة المركزية / Central Zone,رسمي موثق / Official Verified,المخطط الإرشادي للمسجد النبوي ومرافقه وفنادق المنطقة المركزية,
المروة كريم,المنطقة المركزية,المدينة المنورة,المدينة المنورة,المنطقة المركزية / Central Zone,رسمي موثق / Official Verified,المخطط الإرشادي للمسجد النبوي ومرافقه وفنادق المنطقة المركزية,
المناخة روتانا 1,المنطقة المركزية,المدينة المنورة,المدينة المنورة,المنطقة المركزية / Central Zone,رسمي موثق / Official Verified,المخطط الإرشادي للمسجد النبوي ومرافقه وفنادق المنطقة المركزية,
المناخة روتانا 2,المنطقة المركزية,المدينة المنورة,المدينة المنورة,المنطقة المركزية / Central Zone,رسمي موثق / Official Verified,المخطط الإرشادي للمسجد النبوي ومرافقه وفنادق المنطقة المركزية,
المنى كريم,المنطقة المركزية,المدينة المنورة,المدينة المنورة,المنطقة المركزية / Central Zone,رسمي موثق / Official Verified,المخطط الإرشادي للمسجد النبوي ومرافقه وفنادق المنطقة المركزية,
بلازا إن أحد,المنطقة المركزية,المدينة المنورة,المدينة المنورة,المنطقة المركزية / Central Zone,رسمي موثق / Official Verified,المخطط الإرشادي للمسجد النبوي ومرافقه وفنادق المنطقة المركزية,
بيلتمور المدينة,المنطقة المركزية,المدينة المنورة,المدينة المنورة,المنطقة المركزية / Central Zone,رسمي موثق / Official Verified,المخطط الإرشادي للمسجد النبوي ومرافقه وفنادق المنطقة المركزية,
بينسك وورث,المنطقة المركزية,المدينة المنورة,المدينة المنورة,المنطقة المركزية / Central Zone,رسمي موثق / Official Verified,المخطط الإرشادي للمسجد النبوي ومرافقه وفنادق المنطقة المركزية,
تاج ورد,المنطقة المركزية,المدينة المنورة,المدينة المنورة,المنطقة المركزية / Central Zone,رسمي موثق / Official Verified,المخطط الإرشادي للمسجد النبوي ومرافقه وفنادق المنطقة المركزية,
جايدن,المنطقة المركزية,المدينة المنورة,المدينة المنورة,المنطقة المركزية / Central Zone,رسمي موثق / Official Verified,المخطط الإرشادي للمسجد النبوي ومرافقه وفنادق المنطقة المركزية,
جراند الشهباء,المنطقة المركزية,المدينة المنورة,المدينة المنورة,المنطقة المركزية / Central Zone,رسمي موثق / Official Verified,المخطط الإرشادي للمسجد النبوي ومرافقه وفنادق المنطقة المركزية,
جراند الصافي,المنطقة المركزية,المدينة المنورة,المدينة المنورة,المنطقة المركزية / Central Zone,رسمي موثق / Official Verified,المخطط الإرشادي للمسجد النبوي ومرافقه وفنادق المنطقة المركزية,
جراند بلازا السلام,المنطقة المركزية,المدينة المنورة,المدينة المنورة,المنطقة المركزية / Central Zone,رسمي موثق / Official Verified,المخطط الإرشادي للمسجد النبوي ومرافقه وفنادق المنطقة المركزية,
جراند بلازا بدر المقام,المنطقة المركزية,المدينة المنورة,المدينة المنورة,المنطقة المركزية / Central Zone,رسمي موثق / Official Verified,المخطط الإرشادي للمسجد النبوي ومرافقه وفنادق المنطقة المركزية,https://www.booking.com/city/sa/medina.html
جراند زوار,المنطقة المركزية,المدينة المنورة,المدينة المنورة,المنطقة المركزية / Central Zone,رسمي موثق / Official Verified,المخطط الإرشادي للمسجد النبوي ومرافقه وفنادق المنطقة المركزية,
جلنار طيبة,المنطقة المركزية,المدينة المنورة,المدينة المنورة,المنطقة المركزية / Central Zone,رسمي موثق / Official Verified,المخطط الإرشادي للمسجد النبوي ومرافقه وفنادق المنطقة المركزية,
جوار الأندلس,المنطقة المركزية,المدينة المنورة,المدينة المنورة,المنطقة المركزية / Central Zone,رسمي موثق / Official Verified,المخطط الإرشادي للمسجد النبوي ومرافقه وفنادق المنطقة المركزية,
جوار الساحة,المنطقة المركزية,المدينة المنورة,المدينة المنورة,المنطقة المركزية / Central Zone,رسمي موثق / Official Verified,المخطط الإرشادي للمسجد النبوي ومرافقه وفنادق المنطقة المركزية,
جوار المدينة,المنطقة المركزية,المدينة المنورة,المدينة المنورة,المنطقة المركزية / Central Zone,رسمي موثق / Official Verified,المخطط الإرشادي للمسجد النبوي ومرافقه وفنادق المنطقة المركزية,
جوار طيبة,المنطقة المركزية,المدينة المنورة,المدينة المنورة,المنطقة المركزية / Central Zone,رسمي موثق / Official Verified,المخطط الإرشادي للمسجد النبوي ومرافقه وفنادق المنطقة المركزية,
حياة الذهبي,المنطقة المركزية,المدينة المنورة,المدينة المنورة,المنطقة المركزية / Central Zone,رسمي موثق / Official Verified,المخطط الإرشادي للمسجد النبوي ومرافقه وفنادق المنطقة المركزية,
حياة الماسي,المنطقة المركزية,المدينة المنورة,المدينة المنورة,المنطقة المركزية / Central Zone,رسمي موثق / Official Verified,المخطط الإرشادي للمسجد النبوي ومرافقه وفنادق المنطقة المركزية,
حياة الهدى,المنطقة المركزية,المدينة المنورة,المدينة المنورة,المنطقة المركزية / Central Zone,رسمي موثق / Official Verified,المخطط الإرشادي للمسجد النبوي ومرافقه وفنادق المنطقة المركزية,
حياة الواحة,المنطقة المركزية,المدينة المنورة,المدينة المنورة,المنطقة المركزية / Central Zone,رسمي موثق / Official Verified,المخطط الإرشادي للمسجد النبوي ومرافقه وفنادق المنطقة المركزية,
حياة بلازا,المنطقة المركزية,المدينة المنورة,المدينة المنورة,المنطقة المركزية / Central Zone,رسمي موثق / Official Verified,المخطط الإرشادي للمسجد النبوي ومرافقه وفنادق المنطقة المركزية,https://www.booking.com/city/sa/medina.html
حياة جراند,المنطقة المركزية,المدينة المنورة,المدينة المنورة,المنطقة المركزية / Central Zone,رسمي موثق / Official Verified,المخطط الإرشادي للمسجد النبوي ومرافقه وفنادق المنطقة المركزية,
دار الإيمان إنتركونتيننتال,المنطقة المركزية,المدينة المنورة,المدينة المنورة,المنطقة المركزية / Central Zone,رسمي موثق / Official Verified,المخطط الإرشادي للمسجد النبوي ومرافقه وفنادق المنطقة المركزية,
دار الإيمان الحرم,المنطقة المركزية,المدينة المنورة,المدينة المنورة,المنطقة المركزية / Central Zone,رسمي موثق / Official Verified,المخطط الإرشادي للمسجد النبوي ومرافقه وفنادق المنطقة المركزية,https://www.booking.com/city/sa/medina.html
دار التقوى,المنطقة المركزية,المدينة المنورة,المدينة المنورة,المنطقة المركزية / Central Zone,رسمي موثق / Official Verified,المخطط الإرشادي للمسجد النبوي ومرافقه وفنادق المنطقة المركزية,https://www.booking.com/city/sa/medina.html
دار الهجرة إنتركونتيننتال,المنطقة المركزية,المدينة المنورة,المدينة المنورة,المنطقة المركزية / Central Zone,رسمي موثق / Official Verified,المخطط الإرشادي للمسجد النبوي ومرافقه وفنادق المنطقة المركزية,
درة الإيمان,المنطقة المركزية,المدينة المنورة,المدينة المنورة,المنطقة المركزية / Central Zone,رسمي موثق / Official Verified,المخطط الإرشادي للمسجد النبوي ومرافقه وفنادق المنطقة المركزية,https://www.booking.com/city/sa/medina.html
درة المدينة,المنطقة المركزية,المدينة المنورة,المدينة المنورة,المنطقة المركزية / Central Zone,رسمي موثق / Official Verified,المخطط الإرشادي للمسجد النبوي ومرافقه وفنادق المنطقة المركزية,
درة طابة,المنطقة المركزية,المدينة المنورة,المدينة المنورة,المنطقة المركزية / Central Zone,رسمي موثق / Official Verified,المخطط الإرشادي للمسجد النبوي ومرافقه وفنادق المنطقة المركزية,
دلة طيبة,المنطقة المركزية,المدينة المنورة,المدينة المنورة,المنطقة المركزية / Central Zone,رسمي موثق / Official Verified,المخطط الإرشادي للمسجد النبوي ومرافقه وفنادق المنطقة المركزية,https://www.booking.com/city/sa/medina.html
ديار الإيمان,المنطقة المركزية,المدينة المنورة,المدينة المنورة,المنطقة المركزية / Central Zone,رسمي موثق / Official Verified,المخطط الإرشادي للمسجد النبوي ومرافقه وفنادق المنطقة المركزية,
ديار التقوى,المنطقة المركزية,المدينة المنورة,المدينة المنورة,المنطقة المركزية / Central Zone,رسمي موثق / Official Verified,المخطط الإرشادي للمسجد النبوي ومرافقه وفنادق المنطقة المركزية,
ديار الحبيب,المنطقة المركزية,المدينة المنورة,المدينة المنورة,المنطقة المركزية / Central Zone,رسمي موثق / Official Verified,المخطط الإرشادي للمسجد النبوي ومرافقه وفنادق المنطقة المركزية,
ديار السلام الفضي,المنطقة المركزية,المدينة المنورة,المدينة المنورة,المنطقة المركزية / Central Zone,رسمي موثق / Official Verified,المخطط الإرشادي للمسجد النبوي ومرافقه وفنادق المنطقة المركزية,
ديار المدينة,المنطقة المركزية,المدينة المنورة,المدينة المنورة,المنطقة المركزية / Central Zone,رسمي موثق / Official Verified,المخطط الإرشادي للمسجد النبوي ومرافقه وفنادق المنطقة المركزية,https://www.booking.com/city/sa/medina.html
ديار النخيل,المنطقة المركزية,المدينة المنورة,المدينة المنورة,المنطقة المركزية / Central Zone,رسمي موثق / Official Verified,المخطط الإرشادي للمسجد النبوي ومرافقه وفنادق المنطقة المركزية,
ديار الهدى,المنطقة المركزية,المدينة المنورة,المدينة المنورة,المنطقة المركزية / Central Zone,رسمي موثق / Official Verified,المخطط الإرشادي للمسجد النبوي ومرافقه وفنادق المنطقة المركزية,
ديار عجوة تابيستري هيلتون,المنطقة المركزية,المدينة المنورة,المدينة المنورة,المنطقة المركزية / Central Zone,رسمي موثق / Official Verified,المخطط الإرشادي للمسجد النبوي ومرافقه وفنادق المنطقة المركزية,
ديار واحة النزيل,المنطقة المركزية,المدينة المنورة,المدينة المنورة,المنطقة المركزية / Central Zone,رسمي موثق / Official Verified,المخطط الإرشادي للمسجد النبوي ومرافقه وفنادق المنطقة المركزية,
ديوان المدينة,المنطقة المركزية,المدينة المنورة,المدينة المنورة,المنطقة المركزية / Central Zone,رسمي موثق / Official Verified,المخطط الإرشادي للمسجد النبوي ومرافقه وفنادق المنطقة المركزية,
ديوان الهجرة,المنطقة المركزية,المدينة المنورة,المدينة المنورة,المنطقة المركزية / Central Zone,رسمي موثق / Official Verified,المخطط الإرشادي للمسجد النبوي ومرافقه وفنادق المنطقة المركزية,
ديوان روز,المنطقة المركزية,المدينة المنورة,المدينة المنورة,المنطقة المركزية / Central Zone,رسمي موثق / Official Verified,المخطط الإرشادي للمسجد النبوي ومرافقه وفنادق المنطقة المركزية,
رؤى الأندلس البلاتيني,المنطقة المركزية,المدينة المنورة,المدينة المنورة,المنطقة المركزية / Central Zone,رسمي موثق / Official Verified,المخطط الإرشادي للمسجد النبوي ومرافقه وفنادق المنطقة المركزية,https://www.booking.com/city/sa/medina.html
رؤى السعادة,المنطقة المركزية,المدينة المنورة,المدينة المنورة,المنطقة المركزية / Central Zone,رسمي موثق / Official Verified,المخطط الإرشادي للمسجد النبوي ومرافقه وفنادق المنطقة المركزية,
رؤى الضيافة,المنطقة المركزية,المدينة المنورة,المدينة المنورة,المنطقة المركزية / Central Zone,رسمي موثق / Official Verified,المخطط الإرشادي للمسجد النبوي ومرافقه وفنادق المنطقة المركزية,
رؤى العالمي,المنطقة المركزية,المدينة المنورة,المدينة المنورة,المنطقة المركزية / Central Zone,رسمي موثق / Official Verified,المخطط الإرشادي للمسجد النبوي ومرافقه وفنادق المنطقة المركزية,
رؤى الفخامة,المنطقة المركزية,المدينة المنورة,المدينة المنورة,المنطقة المركزية / Central Zone,رسمي موثق / Official Verified,المخطط الإرشادي للمسجد النبوي ومرافقه وفنادق المنطقة المركزية,
رؤى الماسي,المنطقة المركزية,المدينة المنورة,المدينة المنورة,المنطقة المركزية / Central Zone,رسمي موثق / Official Verified,المخطط الإرشادي للمسجد النبوي ومرافقه وفنادق المنطقة المركزية,
رؤى جراند,المنطقة المركزية,المدينة المنورة,المدينة المنورة,المنطقة المركزية / Central Zone,رسمي موثق / Official Verified,المخطط الإرشادي للمسجد النبوي ومرافقه وفنادق المنطقة المركزية,
رؤى طيبة بلس,المنطقة المركزية,المدينة المنورة,المدينة المنورة,المنطقة المركزية / Central Zone,رسمي موثق / Official Verified,المخطط الإرشادي للمسجد النبوي ومرافقه وفنادق المنطقة المركزية,
رؤيا الأندلس البلاتيني,المنطقة المركزية,المدينة المنورة,المدينة المنورة,المنطقة المركزية / Central Zone,رسمي موثق / Official Verified,المخطط الإرشادي للمسجد النبوي ومرافقه وفنادق المنطقة المركزية,
رؤيا الأندلس النخبة,المنطقة المركزية,المدينة المنورة,المدينة المنورة,المنطقة المركزية / Central Zone,رسمي موثق / Official Verified,المخطط الإرشادي للمسجد النبوي ومرافقه وفنادق المنطقة المركزية,
رحاب هارموني,المنطقة المركزية,المدينة المنورة,المدينة المنورة,المنطقة المركزية / Central Zone,رسمي موثق / Official Verified,المخطط الإرشادي للمسجد النبوي ومرافقه وفنادق المنطقة المركزية,
روابي الزهراء,المنطقة المركزية,المدينة المنورة,المدينة المنورة,المنطقة المركزية / Central Zone,رسمي موثق / Official Verified,المخطط الإرشادي للمسجد النبوي ومرافقه وفنادق المنطقة المركزية,
روتانا المسك,المنطقة المركزية,المدينة المنورة,المدينة المنورة,المنطقة المركزية / Central Zone,رسمي موثق / Official Verified,المخطط الإرشادي للمسجد النبوي ومرافقه وفنادق المنطقة المركزية,https://www.booking.com/city/sa/medina.html
روز هوليداي 1,المنطقة المركزية,المدينة المنورة,المدينة المنورة,المنطقة المركزية / Central Zone,رسمي موثق / Official Verified,المخطط الإرشادي للمسجد النبوي ومرافقه وفنادق المنطقة المركزية,
روز هوليداي 2,المنطقة المركزية,المدينة المنورة,المدينة المنورة,المنطقة المركزية / Central Zone,رسمي موثق / Official Verified,المخطط الإرشادي للمسجد النبوي ومرافقه وفنادق المنطقة المركزية,
روز هوليداي 3,المنطقة المركزية,المدينة المنورة,المدينة المنورة,المنطقة المركزية / Central Zone,رسمي موثق / Official Verified,المخطط الإرشادي للمسجد النبوي ومرافقه وفنادق المنطقة المركزية,
روضة العقيق,المنطقة المركزية,المدينة المنورة,المدينة المنورة,المنطقة المركزية / Central Zone,رسمي موثق / Official Verified,المخطط الإرشادي للمسجد النبوي ومرافقه وفنادق المنطقة المركزية,https://www.booking.com/city/sa/medina.html
روضة المختار,المنطقة المركزية,المدينة المنورة,المدينة المنورة,المنطقة المركزية / Central Zone,رسمي موثق / Official Verified,المخطط الإرشادي للمسجد النبوي ومرافقه وفنادق المنطقة المركزية,
رويال المدينة,المنطقة المركزية,المدينة المنورة,المدينة المنورة,المنطقة المركزية / Central Zone,رسمي موثق / Official Verified,المخطط الإرشادي للمسجد النبوي ومرافقه وفنادق المنطقة المركزية,
رياض الزهراء,المنطقة المركزية,المدينة المنورة,المدينة المنورة,المنطقة المركزية / Central Zone,رسمي موثق / Official Verified,المخطط الإرشادي للمسجد النبوي ومرافقه وفنادق المنطقة المركزية,
سبال,المنطقة المركزية,المدينة المنورة,المدينة المنورة,المنطقة المركزية / Central Zone,رسمي موثق / Official Verified,المخطط الإرشادي للمسجد النبوي ومرافقه وفنادق المنطقة المركزية,
سبال الماسي,المنطقة المركزية,المدينة المنورة,المدينة المنورة,المنطقة المركزية / Central Zone,رسمي موثق / Official Verified,المخطط الإرشادي للمسجد النبوي ومرافقه وفنادق المنطقة المركزية,
سبال بلس,المنطقة المركزية,المدينة المنورة,المدينة المنورة,المنطقة المركزية / Central Zone,رسمي موثق / Official Verified,المخطط الإرشادي للمسجد النبوي ومرافقه وفنادق المنطقة المركزية,
سجى المدينة,المنطقة المركزية,المدينة المنورة,المدينة المنورة,المنطقة المركزية / Central Zone,رسمي موثق / Official Verified,المخطط الإرشادي للمسجد النبوي ومرافقه وفنادق المنطقة المركزية,https://www.booking.com/city/sa/medina.html
سدرة المدينة,المنطقة المركزية,المدينة المنورة,المدينة المنورة,المنطقة المركزية / Central Zone,رسمي موثق / Official Verified,المخطط الإرشادي للمسجد النبوي ومرافقه وفنادق المنطقة المركزية,
سرابا هارموني A,المنطقة المركزية,المدينة المنورة,المدينة المنورة,المنطقة المركزية / Central Zone,رسمي موثق / Official Verified,المخطط الإرشادي للمسجد النبوي ومرافقه وفنادق المنطقة المركزية,
سرابا هارموني B,المنطقة المركزية,المدينة المنورة,المدينة المنورة,المنطقة المركزية / Central Zone,رسمي موثق / Official Verified,المخطط الإرشادي للمسجد النبوي ومرافقه وفنادق المنطقة المركزية,
سرابا هارموني C,المنطقة المركزية,المدينة المنورة,المدينة المنورة,المنطقة المركزية / Central Zone,رسمي موثق / Official Verified,المخطط الإرشادي للمسجد النبوي ومرافقه وفنادق المنطقة المركزية,
سكاي فيو,المنطقة المركزية,المدينة المنورة,المدينة المنورة,المنطقة المركزية / Central Zone,رسمي موثق / Official Verified,المخطط الإرشادي للمسجد النبوي ومرافقه وفنادق المنطقة المركزية,
سما الذهبي,المنطقة المركزية,المدينة المنورة,المدينة المنورة,المنطقة المركزية / Central Zone,رسمي موثق / Official Verified,المخطط الإرشادي للمسجد النبوي ومرافقه وفنادق المنطقة المركزية,
سما الماسي,المنطقة المركزية,المدينة المنورة,المدينة المنورة,المنطقة المركزية / Central Zone,رسمي موثق / Official Verified,المخطط الإرشادي للمسجد النبوي ومرافقه وفنادق المنطقة المركزية,
سنابل المدينة,المنطقة المركزية,المدينة المنورة,المدينة المنورة,المنطقة المركزية / Central Zone,رسمي موثق / Official Verified,المخطط الإرشادي للمسجد النبوي ومرافقه وفنادق المنطقة المركزية,
سوفيتيل شهد المدينة,المنطقة المركزية,المدينة المنورة,المدينة المنورة,المنطقة المركزية / Central Zone,رسمي موثق / Official Verified,المخطط الإرشادي للمسجد النبوي ومرافقه وفنادق المنطقة المركزية,https://www.booking.com/city/sa/medina.html
سويس إنترناشيونال طيبة,المنطقة المركزية,المدينة المنورة,المدينة المنورة,المنطقة المركزية / Central Zone,رسمي موثق / Official Verified,المخطط الإرشادي للمسجد النبوي ومرافقه وفنادق المنطقة المركزية,
شذا ريجنسي بلازا,المنطقة المركزية,المدينة المنورة,المدينة المنورة,المنطقة المركزية / Central Zone,رسمي موثق / Official Verified,المخطط الإرشادي للمسجد النبوي ومرافقه وفنادق المنطقة المركزية,
شيرادون,المنطقة المركزية,المدينة المنورة,المدينة المنورة,المنطقة المركزية / Central Zone,رسمي موثق / Official Verified,المخطط الإرشادي للمسجد النبوي ومرافقه وفنادق المنطقة المركزية,
صفوة المدينة,المنطقة المركزية,المدينة المنورة,المدينة المنورة,المنطقة المركزية / Central Zone,رسمي موثق / Official Verified,المخطط الإرشادي للمسجد النبوي ومرافقه وفنادق المنطقة المركزية,
فندق آفاق السلام الذهبي,المدينة المنورة,المدينة المنورة,المدينة المنورة,خارج المنطقة المركزية / Outside Central Zone,موثق من منصة حجز / Booking platform verified,Booking.com,https://www.booking.com/city/sa/medina.ar.html
فندق آفال,خارج المنطقة المركزية,المدينة المنورة,المدينة المنورة,,Aggregated; verify license before contracting,,https://www.booking.com/city/sa/medina.html
فندق أجنحة الروضة,المدينة المنورة,المدينة المنورة,المدينة المنورة,يحتاج تصنيف / Needs Classification,مرجع تشغيلي يحتاج مراجعة / Operational reference - review required,WAFD ONE historical catalog,
فندق أجنحة المها,العزيزية,العزيزية، المدينة المنورة,المدينة المنورة,خارج المنطقة المركزية / Outside Central Zone,Aggregated; verify license before contracting,شركة وفد المدينة لخدمات الإعاشة,https://www.booking.com/city/sa/medina.html
فندق أجنحة جادة قباء,قباء,طريق قباء، المدينة المنورة,المدينة المنورة,خارج المنطقة المركزية / Outside Central Zone,Aggregated; verify license before contracting,شركة وفد المدينة لخدمات الإعاشة,https://www.booking.com/city/sa/medina.html
فندق أجنحة طيبة أراك,المنطقة المركزية الشمالية,شارع أبي عبيدة بن الجراح,المدينة المنورة,المنطقة المركزية / Central Zone,Aggregated; verify license before contracting,شركة وفد المدينة لخدمات الإعاشة,https://www.booking.com/city/sa/medina.html
فندق أجنحة طيبة فرونت,المنطقة المركزية الشمالية,المنطقة المركزية الشمالية,المدينة المنورة,المنطقة المركزية / Central Zone,Aggregated; verify license before contracting,شركة وفد المدينة لخدمات الإعاشة,https://www.booking.com/city/sa/medina.html
فندق أصالة الألماسة,المدينة المنورة,المدينة المنورة,المدينة المنورة,خارج المنطقة المركزية / Outside Central Zone,موثق من منصة حجز / Booking platform verified,Booking.com,https://www.booking.com/city/sa/medina.ar.html
فندق أنسام طيبة,العريض,العريض، المدينة المنورة,المدينة المنورة,خارج المنطقة المركزية / Outside Central Zone,Aggregated; verify license before contracting,شركة وفد المدينة لخدمات الإعاشة,https://www.booking.com/city/sa/medina.html
فندق أوبروي المدينة,المنطقة المركزية الشمالية,شارع أبي ذر، شمال المسجد النبوي,المدينة المنورة,المنطقة المركزية / Central Zone,Aggregated; verify license before contracting,شركة وفد المدينة لخدمات الإعاشة,https://www.booking.com/city/sa/medina.html
فندق أودست الصفوة,المدينة المنورة,المدينة المنورة,المدينة المنورة,يحتاج تصنيف / Needs Classification,مرجع تشغيلي يحتاج مراجعة / Operational reference - review required,WAFD ONE historical catalog,
فندق أورايون العقيق,العقيق,المدينة المنورة,المدينة المنورة,خارج المنطقة المركزية / Outside Central Zone,موثق من منصة حجز / Booking platform verified,Booking.com,https://www.booking.com/city/sa/medina.ar.html
فندق إعمار إيليت المدينة,المنطقة المركزية الغربية,طريق السلام، المنطقة المركزية,المدينة المنورة,المنطقة المركزية / Central Zone,Aggregated; verify license before contracting,شركة وفد المدينة لخدمات الإعاشة,https://www.booking.com/city/sa/medina.html
فندق إعمار رويال المدينة,المنطقة المركزية الشمالية,المنطقة المركزية الشمالية,المدينة المنورة,المنطقة المركزية / Central Zone,Aggregated; verify license before contracting,شركة وفد المدينة لخدمات الإعاشة,https://www.booking.com/city/sa/medina.html
فندق إعمار مكارم,المدينة المنورة,المدينة المنورة,المدينة المنورة,يحتاج تصنيف / Needs Classification,مرجع تشغيلي يحتاج مراجعة / Operational reference - review required,WAFD ONE historical catalog,
فندق إمضاء النزيل,شظاة,شظاة، المدينة المنورة,المدينة المنورة,خارج المنطقة المركزية / Outside Central Zone,Aggregated; verify license before contracting,شركة وفد المدينة لخدمات الإعاشة,https://www.booking.com/city/sa/medina.html
فندق إنتركونتيننتال دار الإيمان,المنطقة المركزية الشمالية,المنطقة المركزية، مقابل المسجد النبوي,المدينة المنورة,المنطقة المركزية / Central Zone,Aggregated; verify license before contracting,شركة وفد المدينة لخدمات الإعاشة,https://www.booking.com/city/sa/medina.html
فندق إنتركونتيننتال دار الهجرة,المنطقة المركزية الشمالية,طريق الملك فهد، المنطقة المركزية,المدينة المنورة,المنطقة المركزية / Central Zone,Aggregated; verify license before contracting,شركة وفد المدينة لخدمات الإعاشة,https://www.booking.com/city/sa/medina.html
فندق إي هوتيل,العريض,العريض، المدينة المنورة,المدينة المنورة,خارج المنطقة المركزية / Outside Central Zone,Aggregated; verify license before contracting,شركة وفد المدينة لخدمات الإعاشة,https://www.booking.com/city/sa/medina.html
فندق إيلاف المشاعر,المنطقة المركزية,المنطقة المركزية، المدينة المنورة,المدينة المنورة,المنطقة المركزية / Central Zone,Aggregated; verify license before contracting,شركة وفد المدينة لخدمات الإعاشة,https://www.booking.com/city/sa/medina.html
فندق إيلاف مشعل السلام,المدينة المنورة,المدينة المنورة,المدينة المنورة,يحتاج تصنيف / Needs Classification,مرجع تشغيلي يحتاج مراجعة / Operational reference - review required,WAFD ONE historical catalog,
فندق إيلاف مشعل المدينة,المدينة المنورة,المدينة المنورة,المدينة المنورة,يحتاج تصنيف / Needs Classification,مرجع تشغيلي يحتاج مراجعة / Operational reference - review required,WAFD ONE historical catalog,
فندق إيوا إكسبريس المدينة,خارج المنطقة المركزية,المدينة المنورة,المدينة المنورة,,Aggregated; verify license before contracting,,https://www.booking.com/city/sa/medina.html
فندق الأندلس بالاس,المنطقة المركزية,المنطقة المركزية، المدينة المنورة,المدينة المنورة,المنطقة المركزية / Central Zone,Aggregated; verify license before contracting,شركة وفد المدينة لخدمات الإعاشة,https://www.booking.com/city/sa/medina.html
فندق الإيمان رويال,المدينة المنورة,المدينة المنورة,المدينة المنورة,يحتاج تصنيف / Needs Classification,مرجع تشغيلي يحتاج مراجعة / Operational reference - review required,WAFD ONE historical catalog,
فندق الإيمان طيبة,المدينة المنورة,المدينة المنورة,المدينة المنورة,يحتاج تصنيف / Needs Classification,مرجع تشغيلي يحتاج مراجعة / Operational reference - review required,WAFD ONE historical catalog,
فندق الإيمان قباء,المدينة المنورة,المدينة المنورة,المدينة المنورة,يحتاج تصنيف / Needs Classification,مرجع تشغيلي يحتاج مراجعة / Operational reference - review required,WAFD ONE historical catalog,
فندق البسفور المدينة,المنطقة المركزية الغربية,طريق السلام، المنطقة المركزية,المدينة المنورة,المنطقة المركزية / Central Zone,Aggregated; verify license before contracting,شركة وفد المدينة لخدمات الإعاشة,https://www.booking.com/city/sa/medina.html
فندق البسفور بلس,المنطقة المركزية الغربية,المنطقة المركزية الغربية,المدينة المنورة,المنطقة المركزية / Central Zone,Aggregated; verify license before contracting,شركة وفد المدينة لخدمات الإعاشة,https://www.booking.com/city/sa/medina.html
فندق البسفور واحة,المدينة المنورة,المدينة المنورة,المدينة المنورة,يحتاج تصنيف / Needs Classification,مرجع تشغيلي يحتاج مراجعة / Operational reference - review required,WAFD ONE historical catalog,
فندق البوسفور المدينة,المنطقة المركزية,المدينة المنورة,المدينة المنورة,المنطقة المركزية / Central Zone,موثق من منصة حجز / Booking platform verified,Booking.com,https://www.booking.com/city/sa/medina.ar.html
فندق الحمراء بلس,العريض,العريض، المدينة المنورة,المدينة المنورة,خارج المنطقة المركزية / Outside Central Zone,Aggregated; verify license before contracting,شركة وفد المدينة لخدمات الإعاشة,https://www.booking.com/city/sa/medina.html
فندق الروضة العقيق,العريض,العريض، المدينة المنورة,المدينة المنورة,خارج المنطقة المركزية / Outside Central Zone,Aggregated; verify license before contracting,شركة وفد المدينة لخدمات الإعاشة,https://www.booking.com/city/sa/medina.html
فندق الضيافة الذهبية,العريض,العريض، المدينة المنورة,المدينة المنورة,خارج المنطقة المركزية / Outside Central Zone,Aggregated; verify license before contracting,شركة وفد المدينة لخدمات الإعاشة,https://www.booking.com/city/sa/medina.html
فندق العقيق المدينة,المنطقة المركزية الغربية,شارع مصعب بن عمير، المنطقة المركزية,المدينة المنورة,المنطقة المركزية / Central Zone,Aggregated; verify license before contracting,شركة وفد المدينة لخدمات الإعاشة,https://www.booking.com/city/sa/medina.html
فندق العلياء,العنبرية,العنبرية، المدينة المنورة,المدينة المنورة,خارج المنطقة المركزية / Outside Central Zone,Aggregated; verify license before contracting,شركة وفد المدينة لخدمات الإعاشة,https://www.booking.com/city/sa/medina.html
فندق العييري 14,العزيزية,العزيزية، المدينة المنورة,المدينة المنورة,خارج المنطقة المركزية / Outside Central Zone,Aggregated; verify license before contracting,شركة وفد المدينة لخدمات الإعاشة,https://www.booking.com/city/sa/medina.html
فندق الماسة المدينة,المنطقة المركزية الغربية,طريق السلام، المنطقة المركزية,المدينة المنورة,المنطقة المركزية / Central Zone,Aggregated; verify license before contracting,شركة وفد المدينة لخدمات الإعاشة,https://www.booking.com/city/sa/medina.html
فندق المدينة أراك,المنطقة المركزية الشمالية,المنطقة المركزية,المدينة المنورة,المنطقة المركزية / Central Zone,Aggregated; verify license before contracting,شركة وفد المدينة لخدمات الإعاشة,https://www.booking.com/city/sa/medina.html
فندق المدينة أوبروي,المدينة المنورة,المدينة المنورة,المدينة المنورة,يحتاج تصنيف / Needs Classification,مرجع تشغيلي يحتاج مراجعة / Operational reference - review required,WAFD ONE historical catalog,
فندق الوردة البيضاء,العريض,العريض، المدينة المنورة,المدينة المنورة,خارج المنطقة المركزية / Outside Central Zone,Aggregated; verify license before contracting,شركة وفد المدينة لخدمات الإعاشة,https://www.booking.com/city/sa/medina.html
فندق بلاتينيوم الأول,العزيزية,العزيزية، المدينة المنورة,المدينة المنورة,خارج المنطقة المركزية / Outside Central Zone,Aggregated; verify license before contracting,شركة وفد المدينة لخدمات الإعاشة,https://www.booking.com/city/sa/medina.html
فندق بلاتينيوم المدينة,المنطقة المركزية الشمالية,المنطقة المركزية الشمالية,المدينة المنورة,المنطقة المركزية / Central Zone,Aggregated; verify license before contracting,شركة وفد المدينة لخدمات الإعاشة,https://www.booking.com/city/sa/medina.html
فندق بلنسية المدينة,المنطقة المركزية الغربية,المنطقة المركزية الغربية,المدينة المنورة,المنطقة المركزية / Central Zone,Aggregated; verify license before contracting,شركة وفد المدينة لخدمات الإعاشة,https://www.booking.com/city/sa/medina.html
فندق بنينسولا ورث,المنطقة المركزية,المدينة المنورة,المدينة المنورة,,Aggregated; verify license before contracting,,https://www.booking.com/city/sa/medina.html
فندق بولمان زمزم المدينة,المنطقة المركزية الجنوبية,شارع عمرو بن الجموح، قرب باب السلام,المدينة المنورة,المنطقة المركزية / Central Zone,Aggregated; verify license before contracting,شركة وفد المدينة لخدمات الإعاشة,https://www.booking.com/city/sa/medina.html
فندق بيوت قباء,قباء,قباء، المدينة المنورة,المدينة المنورة,خارج المنطقة المركزية / Outside Central Zone,Aggregated; verify license before contracting,شركة وفد المدينة لخدمات الإعاشة,https://www.booking.com/city/sa/medina.html
فندق تريبُل ثري,قرب المطار,طريق المطار، المدينة المنورة,المدينة المنورة,خارج المنطقة المركزية / Outside Central Zone,Aggregated; verify license before contracting,شركة وفد المدينة لخدمات الإعاشة,https://www.booking.com/city/sa/medina.html
فندق توليب إن الدار روافد,المنطقة المركزية,المدينة المنورة,المدينة المنورة,المنطقة المركزية / Central Zone,موثق من منصة حجز / Booking platform verified,Booking.com,https://www.booking.com/city/sa/medina.ar.html
فندق جادة المدينة,قربان,قربان، المدينة المنورة,المدينة المنورة,خارج المنطقة المركزية / Outside Central Zone,Aggregated; verify license before contracting,شركة وفد المدينة لخدمات الإعاشة,https://www.booking.com/city/sa/medina.html
فندق جادة ريزيدنس باي سي إتش,خارج المنطقة المركزية,المدينة المنورة,المدينة المنورة,,Aggregated; verify license before contracting,,https://www.booking.com/city/sa/medina.html
فندق جادة قباء,المدينة المنورة,المدينة المنورة,المدينة المنورة,يحتاج تصنيف / Needs Classification,مرجع تشغيلي يحتاج مراجعة / Operational reference - review required,WAFD ONE historical catalog,
فندق جراند بلازا المدينة,المنطقة المركزية الشمالية,المنطقة المركزية الشمالية,المدينة المنورة,المنطقة المركزية / Central Zone,Aggregated; verify license before contracting,شركة وفد المدينة لخدمات الإعاشة,https://www.booking.com/city/sa/medina.html
فندق جراند ميلينيوم الحرم,المنطقة المركزية,قرب المسجد النبوي,المدينة المنورة,,Aggregated; verify license before contracting,,https://www.booking.com/city/sa/medina.html
فندق جولدن توليب المكتان,المنطقة المركزية الغربية,طريق السلام، المدينة المنورة,المدينة المنورة,المنطقة المركزية / Central Zone,Aggregated; verify license before contracting,شركة وفد المدينة لخدمات الإعاشة,https://www.booking.com/city/sa/medina.html
فندق جولدن جاردن,العريض,العريض، المدينة المنورة,المدينة المنورة,خارج المنطقة المركزية / Outside Central Zone,Aggregated; verify license before contracting,شركة وفد المدينة لخدمات الإعاشة,https://www.booking.com/city/sa/medina.html
فندق جيور المدينة,المنطقة المركزية,قرب المسجد النبوي,المدينة المنورة,,Aggregated; verify license before contracting,,https://www.booking.com/city/sa/medina.html
فندق حفاوة للأجنحة الفندقية,العريض,المدينة المنورة,المدينة المنورة,خارج المنطقة المركزية / Outside Central Zone,موثق من منصة حجز / Booking platform verified,Booking.com,https://www.booking.com/city/sa/medina.ar.html
فندق حياة إنترناشيونال,المنطقة المركزية الشمالية,المنطقة المركزية الشمالية,المدينة المنورة,المنطقة المركزية / Central Zone,Aggregated; verify license before contracting,شركة وفد المدينة لخدمات الإعاشة,https://www.booking.com/city/sa/medina.html
فندق دار الإيمان السلام,العنبرية,العنبرية، المدينة المنورة,المدينة المنورة,خارج المنطقة المركزية / Outside Central Zone,Aggregated; verify license before contracting,شركة وفد المدينة لخدمات الإعاشة,https://www.booking.com/city/sa/medina.html
فندق دار الإيمان النور,المنطقة المركزية الغربية,المنطقة المركزية الغربية,المدينة المنورة,المنطقة المركزية / Central Zone,Aggregated; verify license before contracting,شركة وفد المدينة لخدمات الإعاشة,https://www.booking.com/city/sa/medina.html
فندق دار الإيمان قباء,قباء,طريق قباء، المدينة المنورة,المدينة المنورة,خارج المنطقة المركزية / Outside Central Zone,Aggregated; verify license before contracting,شركة وفد المدينة لخدمات الإعاشة,https://www.booking.com/city/sa/medina.html
فندق دار الرضا,خارج المنطقة المركزية,المدينة المنورة,المدينة المنورة,,Aggregated; verify license before contracting,,https://www.booking.com/city/sa/medina.html
فندق دار الشروق,العريض,العريض، المدينة المنورة,المدينة المنورة,خارج المنطقة المركزية / Outside Central Zone,Aggregated; verify license before contracting,شركة وفد المدينة لخدمات الإعاشة,https://www.booking.com/city/sa/medina.html
فندق دار النعيم,المنطقة المركزية الشمالية,طريق الملك فهد، المنطقة المركزية,المدينة المنورة,المنطقة المركزية / Central Zone,Aggregated; verify license before contracting,شركة وفد المدينة لخدمات الإعاشة,https://www.booking.com/city/sa/medina.html
فندق ديار السلام الذهبي,المدينة المنورة,المدينة المنورة,المدينة المنورة,يحتاج تصنيف / Needs Classification,مرجع تشغيلي يحتاج مراجعة / Operational reference - review required,WAFD ONE historical catalog,
فندق ديلانو المدينة,العريض,العريض، المدينة المنورة,المدينة المنورة,خارج المنطقة المركزية / Outside Central Zone,Aggregated; verify license before contracting,شركة وفد المدينة لخدمات الإعاشة,https://www.booking.com/city/sa/medina.html
فندق ديم المدينة,شظاة,شظاة، المدينة المنورة,المدينة المنورة,خارج المنطقة المركزية / Outside Central Zone,Aggregated; verify license before contracting,شركة وفد المدينة لخدمات الإعاشة,https://www.booking.com/city/sa/medina.html
فندق ذا بلتمور المدينة,المنطقة المركزية,المدينة المنورة,المدينة المنورة,,Aggregated; verify license before contracting,,https://www.booking.com/city/sa/medina.html
فندق رؤى الهجرة,المنطقة المركزية الغربية,طريق السلام، المنطقة المركزية,المدينة المنورة,المنطقة المركزية / Central Zone,Aggregated; verify license before contracting,شركة وفد المدينة لخدمات الإعاشة,https://www.booking.com/city/sa/medina.html
فندق راديسون المدينة,العريض,طريق الملك عبدالله، المدينة المنورة,المدينة المنورة,خارج المنطقة المركزية / Outside Central Zone,Aggregated; verify license before contracting,شركة وفد المدينة لخدمات الإعاشة,https://www.booking.com/city/sa/medina.html
فندق روتانا المناخة,المدينة المنورة,المدينة المنورة,المدينة المنورة,يحتاج تصنيف / Needs Classification,مرجع تشغيلي يحتاج مراجعة / Operational reference - review required,WAFD ONE historical catalog,
فندق روتانا المناخة المدينة,المنطقة المركزية,المدينة المنورة,المدينة المنورة,,Aggregated; verify license before contracting,,https://www.booking.com/city/sa/medina.html
فندق روح المدينة,المدينة المنورة,المدينة المنورة,المدينة المنورة,خارج المنطقة المركزية / Outside Central Zone,موثق من منصة حجز / Booking platform verified,Booking.com,https://www.booking.com/city/sa/medina.ar.html
فندق روضة الصفوة,المنطقة المركزية الجنوبية,المنطقة المركزية الجنوبية,المدينة المنورة,المنطقة المركزية / Central Zone,Aggregated; verify license before contracting,شركة وفد المدينة لخدمات الإعاشة,https://www.booking.com/city/sa/medina.html
فندق روف المدينة,المنطقة المركزية,المنطقة المركزية، المدينة المنورة,المدينة المنورة,المنطقة المركزية / Central Zone,Aggregated; verify license before contracting,شركة وفد المدينة لخدمات الإعاشة,https://www.booking.com/city/sa/medina.html
فندق زمزم بولمان المدينة,المنطقة المركزية,قرب المسجد النبوي,المدينة المنورة,المنطقة المركزية / Central Zone,موثق من منصة حجز / Booking platform verified,Booking.com,https://www.booking.com/city/sa/medina.ar.html
فندق زها المدينة,خارج المنطقة المركزية,المدينة المنورة,المدينة المنورة,,Aggregated; verify license before contracting,,https://www.booking.com/city/sa/medina.html
فندق زها المنورة,المدينة المنورة,المدينة المنورة,المدينة المنورة,يحتاج تصنيف / Needs Classification,مرجع تشغيلي يحتاج مراجعة / Operational reference - review required,WAFD ONE historical catalog,
فندق زها طيبة,المدينة المنورة,المدينة المنورة,المدينة المنورة,يحتاج تصنيف / Needs Classification,مرجع تشغيلي يحتاج مراجعة / Operational reference - review required,WAFD ONE historical catalog,
فندق زوار إنترناشيونال,المنطقة المركزية الشمالية,المنطقة المركزية الشمالية,المدينة المنورة,المنطقة المركزية / Central Zone,Aggregated; verify license before contracting,شركة وفد المدينة لخدمات الإعاشة,https://www.booking.com/city/sa/medina.html
فندق ساس دارك,القصواء,القصواء، المدينة المنورة,المدينة المنورة,خارج المنطقة المركزية / Outside Central Zone,Aggregated; verify license before contracting,شركة وفد المدينة لخدمات الإعاشة,https://www.booking.com/city/sa/medina.html
فندق ساس رتل,شظاة,شظاة، المدينة المنورة,المدينة المنورة,خارج المنطقة المركزية / Outside Central Zone,Aggregated; verify license before contracting,شركة وفد المدينة لخدمات الإعاشة,https://www.booking.com/city/sa/medina.html
فندق سجى ورويك المدينة,المنطقة المركزية,المدينة المنورة,المدينة المنورة,المنطقة المركزية / Central Zone,موثق من منصة حجز / Booking platform verified,Booking.com,https://www.booking.com/city/sa/medina.ar.html
فندق سرايا طابة,المنطقة المركزية,المدينة المنورة,المدينة المنورة,,Aggregated; verify license before contracting,,https://www.booking.com/city/sa/medina.html
فندق سكون,العريض,العريض، المدينة المنورة,المدينة المنورة,خارج المنطقة المركزية / Outside Central Zone,Aggregated; verify license before contracting,شركة وفد المدينة لخدمات الإعاشة,https://www.booking.com/city/sa/medina.html
فندق سوفيتل شهد المدينة,المنطقة المركزية,قرب المسجد النبوي,المدينة المنورة,المنطقة المركزية / Central Zone,موثق من منصة حجز / Booking platform verified,Booking.com,https://www.booking.com/city/sa/medina.ar.html
فندق سيجنتشر جيست المدينة,خارج المنطقة المركزية,المدينة المنورة,المدينة المنورة,,Aggregated; verify license before contracting,,https://www.booking.com/city/sa/medina.html
فندق شذا الضيافة,العريض,العريض، المدينة المنورة,المدينة المنورة,خارج المنطقة المركزية / Outside Central Zone,Aggregated; verify license before contracting,شركة وفد المدينة لخدمات الإعاشة,https://www.booking.com/city/sa/medina.html
فندق شذا المدينة,المنطقة المركزية الشمالية,قرب المسجد النبوي، المنطقة المركزية,المدينة المنورة,المنطقة المركزية / Central Zone,Aggregated; verify license before contracting,شركة وفد المدينة لخدمات الإعاشة,https://www.booking.com/city/sa/medina.html
فندق طيبة روز,المنطقة المركزية,المنطقة المركزية، المدينة المنورة,المدينة المنورة,المنطقة المركزية / Central Zone,Aggregated; verify license before contracting,شركة وفد المدينة لخدمات الإعاشة,https://www.booking.com/city/sa/medina.html
فندق طيبة فرونت,المنطقة المركزية الشمالية,طريق الملك فهد، المنطقة المركزية,المدينة المنورة,المنطقة المركزية / Central Zone,Aggregated; verify license before contracting,شركة وفد المدينة لخدمات الإعاشة,https://www.booking.com/city/sa/medina.html
فندق طيبة فيو,العريض,العريض، المدينة المنورة,المدينة المنورة,خارج المنطقة المركزية / Outside Central Zone,Aggregated; verify license before contracting,شركة وفد المدينة لخدمات الإعاشة,https://www.booking.com/city/sa/medina.html
فندق فالي المدينة,المنطقة المركزية,وسط المدينة المنورة,المدينة المنورة,المنطقة المركزية / Central Zone,موثق من منصة حجز / Booking platform verified,Booking.com,https://www.booking.com/city/sa/medina.ar.html
فندق فالِي المدينة,المنطقة المركزية الجنوبية,قرب المسجد النبوي,المدينة المنورة,المنطقة المركزية / Central Zone,Aggregated; verify license before contracting,شركة وفد المدينة لخدمات الإعاشة,https://www.booking.com/city/sa/medina.html
فندق فرونتيل الحارثية,المنطقة المركزية الشمالية,شارع أبي عبيدة بن الجراح، المنطقة المركزية,المدينة المنورة,المنطقة المركزية / Central Zone,Aggregated; verify license before contracting,شركة وفد المدينة لخدمات الإعاشة,https://www.booking.com/city/sa/medina.html
فندق فينيو الحارثية,المنطقة المركزية الشمالية,قرب المسجد النبوي,المدينة المنورة,,Aggregated; verify license before contracting,,https://www.booking.com/city/sa/medina.html
فندق فيو المدينة,المنطقة المركزية الجنوبية,قرب المسجد النبوي,المدينة المنورة,المنطقة المركزية / Central Zone,Aggregated; verify license before contracting,شركة وفد المدينة لخدمات الإعاشة,https://www.booking.com/city/sa/medina.html
فندق قباء العزيزية,قباء,قرب مسجد قباء، المدينة المنورة,المدينة المنورة,خارج المنطقة المركزية / Outside Central Zone,Aggregated; verify license before contracting,شركة وفد المدينة لخدمات الإعاشة,https://www.booking.com/city/sa/medina.html
فندق لو ميريديان المدينة,الخالدية,طريق خالد بن الوليد، المدينة المنورة,المدينة المنورة,خارج المنطقة المركزية / Outside Central Zone,Aggregated; verify license before contracting,شركة وفد المدينة لخدمات الإعاشة,https://www.booking.com/city/sa/medina.html
فندق مادن المدينة,المنطقة المركزية الشمالية,المنطقة المركزية، قرب المسجد النبوي,المدينة المنورة,المنطقة المركزية / Central Zone,Aggregated; verify license before contracting,شركة وفد المدينة لخدمات الإعاشة,https://www.booking.com/city/sa/medina.html
فندق مادن طيبة,المنطقة المركزية,وسط المدينة المنورة,المدينة المنورة,المنطقة المركزية / Central Zone,موثق من منصة حجز / Booking platform verified,Booking.com,https://www.booking.com/city/sa/medina.ar.html
فندق ماريوت المدينة,قرب المنطقة المركزية,المدينة المنورة,المدينة المنورة,المنطقة المركزية / Central Zone,Aggregated; verify license before contracting,شركة وفد المدينة لخدمات الإعاشة,https://www.booking.com/city/sa/medina.html
فندق منازل الأسواف,المنطقة المركزية الجنوبية,طريق الملك عبدالعزيز، جنوب المسجد النبوي,المدينة المنورة,المنطقة المركزية / Central Zone,Aggregated; verify license before contracting,شركة وفد المدينة لخدمات الإعاشة,https://www.booking.com/city/sa/medina.html
فندق منازل الصافية,المنطقة المركزية,المدينة المنورة,المدينة المنورة,,Aggregated; verify license before contracting,,https://www.booking.com/city/sa/medina.html
فندق مورايا,العريض,العريض، المدينة المنورة,المدينة المنورة,خارج المنطقة المركزية / Outside Central Zone,Aggregated; verify license before contracting,شركة وفد المدينة لخدمات الإعاشة,https://www.booking.com/city/sa/medina.html
فندق ميراج السلام,المنطقة المركزية,المدينة المنورة,المدينة المنورة,,Aggregated; verify license before contracting,,https://www.booking.com/city/sa/medina.html
فندق ميسك البلد,المنطقة المركزية,قرب المسجد النبوي,المدينة المنورة,المنطقة المركزية / Central Zone,موثق من منصة حجز / Booking platform verified,Booking.com,https://www.booking.com/city/sa/medina.ar.html
فندق ميلينيوم مطار المدينة,مطار الأمير محمد بن عبدالعزيز,طريق المطار، المدينة المنورة,المدينة المنورة,خارج المنطقة المركزية / Outside Central Zone,Aggregated; verify license before contracting,شركة وفد المدينة لخدمات الإعاشة,https://www.booking.com/city/sa/medina.html
فندق نرسيان طيبة,العريض,العريض، المدينة المنورة,المدينة المنورة,خارج المنطقة المركزية / Outside Central Zone,Aggregated; verify license before contracting,شركة وفد المدينة لخدمات الإعاشة,https://www.booking.com/city/sa/medina.html
فندق نزل الشاكرين,المنطقة المركزية الشمالية,المنطقة المركزية الشمالية,المدينة المنورة,المنطقة المركزية / Central Zone,Aggregated; verify license before contracting,شركة وفد المدينة لخدمات الإعاشة,https://www.booking.com/city/sa/medina.html
فندق نزل الهجرة,المنطقة المركزية,المدينة المنورة,المدينة المنورة,,Aggregated; verify license before contracting,,https://www.booking.com/city/sa/medina.html
فندق نزل رويال إن,المنطقة المركزية الشمالية,المنطقة المركزية الشمالية,المدينة المنورة,المنطقة المركزية / Central Zone,Aggregated; verify license before contracting,شركة وفد المدينة لخدمات الإعاشة,https://www.booking.com/city/sa/medina.html
فندق نزل طيبة,المدينة المنورة,المدينة المنورة,المدينة المنورة,يحتاج تصنيف / Needs Classification,مرجع تشغيلي يحتاج مراجعة / Operational reference - review required,WAFD ONE historical catalog,
فندق نيو المدينة,المنطقة المركزية الجنوبية,المنطقة المركزية الجنوبية,المدينة المنورة,المنطقة المركزية / Central Zone,Aggregated; verify license before contracting,شركة وفد المدينة لخدمات الإعاشة,https://www.booking.com/city/sa/medina.html
فندق نُسك الروضة,المنطقة المركزية,المنطقة المركزية، المدينة المنورة,المدينة المنورة,المنطقة المركزية / Central Zone,Aggregated; verify license before contracting,شركة وفد المدينة لخدمات الإعاشة,https://www.booking.com/city/sa/medina.html
فندق نُسك المدينة,المنطقة المركزية,قرب المسجد النبوي,المدينة المنورة,المنطقة المركزية / Central Zone,موثق من منصة حجز / Booking platform verified,Booking.com,https://www.booking.com/city/sa/medina.ar.html
فندق نُسك الهجرة,المنطقة المركزية,المنطقة المركزية، المدينة المنورة,المدينة المنورة,المنطقة المركزية / Central Zone,Aggregated; verify license before contracting,شركة وفد المدينة لخدمات الإعاشة,https://www.booking.com/city/sa/medina.html
فندق هافن بلازا,قربان,طريق قربان، المدينة المنورة,المدينة المنورة,خارج المنطقة المركزية / Outside Central Zone,Aggregated; verify license before contracting,شركة وفد المدينة لخدمات الإعاشة,https://www.booking.com/city/sa/medina.html
فندق هوم تل,العريض,العريض، المدينة المنورة,المدينة المنورة,خارج المنطقة المركزية / Outside Central Zone,Aggregated; verify license before contracting,شركة وفد المدينة لخدمات الإعاشة,https://www.booking.com/city/sa/medina.html
فندق وايت دايموند,العريض,العريض، المدينة المنورة,المدينة المنورة,خارج المنطقة المركزية / Outside Central Zone,Aggregated; verify license before contracting,شركة وفد المدينة لخدمات الإعاشة,https://www.booking.com/city/sa/medina.html
فندق وقف عثمان بن عفان,المنطقة المركزية,المنطقة المركزية، المدينة المنورة,المدينة المنورة,المنطقة المركزية / Central Zone,Aggregated; verify license before contracting,شركة وفد المدينة لخدمات الإعاشة,https://www.booking.com/city/sa/medina.html
فندق ون نايت,شظاة,شظاة، المدينة المنورة,المدينة المنورة,خارج المنطقة المركزية / Outside Central Zone,Aggregated; verify license before contracting,شركة وفد المدينة لخدمات الإعاشة,https://www.booking.com/city/sa/medina.html
كاسيل,المنطقة المركزية,المدينة المنورة,المدينة المنورة,المنطقة المركزية / Central Zone,رسمي موثق / Official Verified,المخطط الإرشادي للمسجد النبوي ومرافقه وفنادق المنطقة المركزية,
كراون بلازا المدينة,المنطقة المركزية,المدينة المنورة,المدينة المنورة,المنطقة المركزية / Central Zone,رسمي موثق / Official Verified,المخطط الإرشادي للمسجد النبوي ومرافقه وفنادق المنطقة المركزية,https://www.booking.com/city/sa/medina.html
كرم إيليت,المنطقة المركزية,المدينة المنورة,المدينة المنورة,المنطقة المركزية / Central Zone,رسمي موثق / Official Verified,المخطط الإرشادي للمسجد النبوي ومرافقه وفنادق المنطقة المركزية,
كرم الحجار,المنطقة المركزية,المدينة المنورة,المدينة المنورة,المنطقة المركزية / Central Zone,رسمي موثق / Official Verified,المخطط الإرشادي للمسجد النبوي ومرافقه وفنادق المنطقة المركزية,
كرم الخبر,المنطقة المركزية,المدينة المنورة,المدينة المنورة,المنطقة المركزية / Central Zone,رسمي موثق / Official Verified,المخطط الإرشادي للمسجد النبوي ومرافقه وفنادق المنطقة المركزية,
كرم المدينة,المنطقة المركزية,المدينة المنورة,المدينة المنورة,المنطقة المركزية / Central Zone,رسمي موثق / Official Verified,المخطط الإرشادي للمسجد النبوي ومرافقه وفنادق المنطقة المركزية,
كرم طيبة,المنطقة المركزية,المدينة المنورة,المدينة المنورة,المنطقة المركزية / Central Zone,رسمي موثق / Official Verified,المخطط الإرشادي للمسجد النبوي ومرافقه وفنادق المنطقة المركزية,
كون كود التنزيل,المنطقة المركزية,المدينة المنورة,المدينة المنورة,المنطقة المركزية / Central Zone,رسمي موثق / Official Verified,المخطط الإرشادي للمسجد النبوي ومرافقه وفنادق المنطقة المركزية,
كيان العالمي,المنطقة المركزية,المدينة المنورة,المدينة المنورة,المنطقة المركزية / Central Zone,رسمي موثق / Official Verified,المخطط الإرشادي للمسجد النبوي ومرافقه وفنادق المنطقة المركزية,
كيان الماسي,المنطقة المركزية,المدينة المنورة,المدينة المنورة,المنطقة المركزية / Central Zone,رسمي موثق / Official Verified,المخطط الإرشادي للمسجد النبوي ومرافقه وفنادق المنطقة المركزية,
كيان المدينة,المنطقة المركزية,المدينة المنورة,المدينة المنورة,المنطقة المركزية / Central Zone,رسمي موثق / Official Verified,المخطط الإرشادي للمسجد النبوي ومرافقه وفنادق المنطقة المركزية,
مجمار,المنطقة المركزية,المدينة المنورة,المدينة المنورة,المنطقة المركزية / Central Zone,رسمي موثق / Official Verified,المخطط الإرشادي للمسجد النبوي ومرافقه وفنادق المنطقة المركزية,
مجمع الجزيرة,المنطقة المركزية,المدينة المنورة,المدينة المنورة,المنطقة المركزية / Central Zone,رسمي موثق / Official Verified,المخطط الإرشادي للمسجد النبوي ومرافقه وفنادق المنطقة المركزية,
مراج طيبة,المنطقة المركزية,المدينة المنورة,المدينة المنورة,المنطقة المركزية / Central Zone,رسمي موثق / Official Verified,المخطط الإرشادي للمسجد النبوي ومرافقه وفنادق المنطقة المركزية,
مرجان المدينة,المنطقة المركزية,المدينة المنورة,المدينة المنورة,المنطقة المركزية / Central Zone,رسمي موثق / Official Verified,المخطط الإرشادي للمسجد النبوي ومرافقه وفنادق المنطقة المركزية,
مسك البلد,المنطقة المركزية,المدينة المنورة,المدينة المنورة,المنطقة المركزية / Central Zone,رسمي موثق / Official Verified,المخطط الإرشادي للمسجد النبوي ومرافقه وفنادق المنطقة المركزية,https://www.booking.com/city/sa/medina.html
معين طيبة,المنطقة المركزية,المدينة المنورة,المدينة المنورة,المنطقة المركزية / Central Zone,رسمي موثق / Official Verified,المخطط الإرشادي للمسجد النبوي ومرافقه وفنادق المنطقة المركزية,
مكارم أجنحة إطلالة الحرم,المنطقة المركزية,المدينة المنورة,المدينة المنورة,المنطقة المركزية / Central Zone,رسمي موثق / Official Verified,المخطط الإرشادي للمسجد النبوي ومرافقه وفنادق المنطقة المركزية,
مكارم برج المدينة,المنطقة المركزية,المدينة المنورة,المدينة المنورة,المنطقة المركزية / Central Zone,رسمي موثق / Official Verified,المخطط الإرشادي للمسجد النبوي ومرافقه وفنادق المنطقة المركزية,https://www.booking.com/city/sa/medina.html
منار المنورة,المنطقة المركزية,المدينة المنورة,المدينة المنورة,المنطقة المركزية / Central Zone,رسمي موثق / Official Verified,المخطط الإرشادي للمسجد النبوي ومرافقه وفنادق المنطقة المركزية,
منازل الأسواق,المنطقة المركزية,المدينة المنورة,المدينة المنورة,المنطقة المركزية / Central Zone,رسمي موثق / Official Verified,المخطط الإرشادي للمسجد النبوي ومرافقه وفنادق المنطقة المركزية,
منازل التقوى,المنطقة المركزية,المدينة المنورة,المدينة المنورة,المنطقة المركزية / Central Zone,رسمي موثق / Official Verified,المخطط الإرشادي للمسجد النبوي ومرافقه وفنادق المنطقة المركزية,
منازل الحسن - زوار,المنطقة المركزية,المدينة المنورة,المدينة المنورة,المنطقة المركزية / Central Zone,رسمي موثق / Official Verified,المخطط الإرشادي للمسجد النبوي ومرافقه وفنادق المنطقة المركزية,
منازل الرحمة,المنطقة المركزية,المدينة المنورة,المدينة المنورة,المنطقة المركزية / Central Zone,رسمي موثق / Official Verified,المخطط الإرشادي للمسجد النبوي ومرافقه وفنادق المنطقة المركزية,
منازل الزهراء - زوار,المنطقة المركزية,المدينة المنورة,المدينة المنورة,المنطقة المركزية / Central Zone,رسمي موثق / Official Verified,المخطط الإرشادي للمسجد النبوي ومرافقه وفنادق المنطقة المركزية,
منازل الصادق - زوار,المنطقة المركزية,المدينة المنورة,المدينة المنورة,المنطقة المركزية / Central Zone,رسمي موثق / Official Verified,المخطط الإرشادي للمسجد النبوي ومرافقه وفنادق المنطقة المركزية,
منازل الصافية - زوار,المنطقة المركزية,المدينة المنورة,المدينة المنورة,المنطقة المركزية / Central Zone,رسمي موثق / Official Verified,المخطط الإرشادي للمسجد النبوي ومرافقه وفنادق المنطقة المركزية,
منازل الفلاح الذهبي,المنطقة المركزية,المدينة المنورة,المدينة المنورة,المنطقة المركزية / Central Zone,رسمي موثق / Official Verified,المخطط الإرشادي للمسجد النبوي ومرافقه وفنادق المنطقة المركزية,
منازل المدينة - زوار,المنطقة المركزية,المدينة المنورة,المدينة المنورة,المنطقة المركزية / Central Zone,رسمي موثق / Official Verified,المخطط الإرشادي للمسجد النبوي ومرافقه وفنادق المنطقة المركزية,
مياس,المنطقة المركزية,المدينة المنورة,المدينة المنورة,المنطقة المركزية / Central Zone,رسمي موثق / Official Verified,المخطط الإرشادي للمسجد النبوي ومرافقه وفنادق المنطقة المركزية,
ميسان التقوى,المنطقة المركزية,المدينة المنورة,المدينة المنورة,المنطقة المركزية / Central Zone,رسمي موثق / Official Verified,المخطط الإرشادي للمسجد النبوي ومرافقه وفنادق المنطقة المركزية,
ميسان الحارثية,المنطقة المركزية,المدينة المنورة,المدينة المنورة,المنطقة المركزية / Central Zone,رسمي موثق / Official Verified,المخطط الإرشادي للمسجد النبوي ومرافقه وفنادق المنطقة المركزية,
ميسان رحاب المسك,المنطقة المركزية,المدينة المنورة,المدينة المنورة,المنطقة المركزية / Central Zone,رسمي موثق / Official Verified,المخطط الإرشادي للمسجد النبوي ومرافقه وفنادق المنطقة المركزية,
ميلينيوم العقيق,المنطقة المركزية,المدينة المنورة,المدينة المنورة,المنطقة المركزية / Central Zone,رسمي موثق / Official Verified,المخطط الإرشادي للمسجد النبوي ومرافقه وفنادق المنطقة المركزية,https://www.booking.com/city/sa/medina.html
ميلينيوم طيبة,المنطقة المركزية,المدينة المنورة,المدينة المنورة,المنطقة المركزية / Central Zone,رسمي موثق / Official Verified,المخطط الإرشادي للمسجد النبوي ومرافقه وفنادق المنطقة المركزية,
نجوم المدينة,المنطقة المركزية,المدينة المنورة,المدينة المنورة,المنطقة المركزية / Central Zone,رسمي موثق / Official Verified,المخطط الإرشادي للمسجد النبوي ومرافقه وفنادق المنطقة المركزية,
ندى السلام,المنطقة المركزية,المدينة المنورة,المدينة المنورة,المنطقة المركزية / Central Zone,رسمي موثق / Official Verified,المخطط الإرشادي للمسجد النبوي ومرافقه وفنادق المنطقة المركزية,
نسك الإيمان,المنطقة المركزية,المدينة المنورة,المدينة المنورة,المنطقة المركزية / Central Zone,رسمي موثق / Official Verified,المخطط الإرشادي للمسجد النبوي ومرافقه وفنادق المنطقة المركزية,
نسك المدينة,المنطقة المركزية,المدينة المنورة,المدينة المنورة,المنطقة المركزية / Central Zone,رسمي موثق / Official Verified,المخطط الإرشادي للمسجد النبوي ومرافقه وفنادق المنطقة المركزية,
نسك الهجرة,المنطقة المركزية,المدينة المنورة,المدينة المنورة,المنطقة المركزية / Central Zone,رسمي موثق / Official Verified,المخطط الإرشادي للمسجد النبوي ومرافقه وفنادق المنطقة المركزية,
نقاط ثلاثة الرضا,المنطقة المركزية,المدينة المنورة,المدينة المنورة,المنطقة المركزية / Central Zone,رسمي موثق / Official Verified,المخطط الإرشادي للمسجد النبوي ومرافقه وفنادق المنطقة المركزية,
نقاط ثلاثة الكوثر,المنطقة المركزية,المدينة المنورة,المدينة المنورة,المنطقة المركزية / Central Zone,رسمي موثق / Official Verified,المخطط الإرشادي للمسجد النبوي ومرافقه وفنادق المنطقة المركزية,
نوفوتيل المدينة,المنطقة المركزية,المدينة المنورة,المدينة المنورة,المنطقة المركزية / Central Zone,رسمي موثق / Official Verified,المخطط الإرشادي للمسجد النبوي ومرافقه وفنادق المنطقة المركزية,
هدى طيبة,المنطقة المركزية,المدينة المنورة,المدينة المنورة,المنطقة المركزية / Central Zone,رسمي موثق / Official Verified,المخطط الإرشادي للمسجد النبوي ومرافقه وفنادق المنطقة المركزية,
واجهة طيبة,المنطقة المركزية,المدينة المنورة,المدينة المنورة,المنطقة المركزية / Central Zone,رسمي موثق / Official Verified,المخطط الإرشادي للمسجد النبوي ومرافقه وفنادق المنطقة المركزية,
وردة الإيمان,المنطقة المركزية,المدينة المنورة,المدينة المنورة,المنطقة المركزية / Central Zone,رسمي موثق / Official Verified,المخطط الإرشادي للمسجد النبوي ومرافقه وفنادق المنطقة المركزية,
وردة السعادة,المنطقة المركزية,المدينة المنورة,المدينة المنورة,المنطقة المركزية / Central Zone,رسمي موثق / Official Verified,المخطط الإرشادي للمسجد النبوي ومرافقه وفنادق المنطقة المركزية,
وردة الصفا,المنطقة المركزية,المدينة المنورة,المدينة المنورة,المنطقة المركزية / Central Zone,رسمي موثق / Official Verified,المخطط الإرشادي للمسجد النبوي ومرافقه وفنادق المنطقة المركزية,
وفادة الزهراء,المنطقة المركزية,المدينة المنورة,المدينة المنورة,المنطقة المركزية / Central Zone,رسمي موثق / Official Verified,المخطط الإرشادي للمسجد النبوي ومرافقه وفنادق المنطقة المركزية,
وقت التنزيل,المنطقة المركزية,المدينة المنورة,المدينة المنورة,المنطقة المركزية / Central Zone,رسمي موثق / Official Verified,المخطط الإرشادي للمسجد النبوي ومرافقه وفنادق المنطقة المركزية,
ون إن,المنطقة المركزية,المدينة المنورة,المدينة المنورة,المنطقة المركزية / Central Zone,رسمي موثق / Official Verified,المخطط الإرشادي للمسجد النبوي ومرافقه وفنادق المنطقة المركزية,
وورث تود,المنطقة المركزية,المدينة المنورة,المدينة المنورة,المنطقة المركزية / Central Zone,رسمي موثق / Official Verified,المخطط الإرشادي للمسجد النبوي ومرافقه وفنادق المنطقة المركزية,
وورث نروان,المنطقة المركزية,المدينة المنورة,المدينة المنورة,المنطقة المركزية / Central Zone,رسمي موثق / Official Verified,المخطط الإرشادي للمسجد النبوي ومرافقه وفنادق المنطقة المركزية,
